Ten,Gia
"Áo thun nam, áo phông nam tay ngắn cổ tròn chất cotton dày dặn thoáng mát ATN004 - An Cường Fashion",4.7
"Áo polo nam nữ ESSEFAUST chất cotton, Thời Trang Unisex",4.9
"Áo sơ mi nam nữ tay ngắn chất kaki cao cấp kiểu dáng form rộng, unisex, dễ phối đồ mặc cực đẹp",4.9
Áo cổ trụ tàu tay dài cotton mềm mịn 20 tháng 05 shop MA522,4.8
"Áo thun nam, áo phông nam tay ngắn cổ tròn chất cotton , dày dặn thoáng mát hình chim - An Cường Fashion",4.8
áo phông trơn tay dài phom rộng dáng unisex trend 2024,4.7
"Áo sơ mi nam dài tay NPV cổ bẻ,áo sơ mi trắng hàn quốc vải lụa nến không nhăn không xù",4.8
Áo thun Mèo túi unisex MONSTER X STREET Mèo túi phông tay lỡ nam nữ form rộng Local Brand,4.9
"Áo Thun Dài Tay Nam ECOLLECT LT01 – Cotton Dày 300gsm, Logo 3D Ép Nổi – Phong Cách Hiện Đại, Thoải Mái Mùa Thu Đông",4.9
"Áo sơ mi dày tay nam nữ chất đũi nhăn, phụ kiện trẻ trung là điểm nhấn, SM 2024, Nice Clothes",4.9
"Áo thun nam, áo phông nam tay ngắn cổ tròn chất thun lạnh co giãn 4 chiều hình thành phố alex cool",4.6
Combo 2 Áo Giữ Nhiệt Nam Co Giãn Cổ 3 Phân Dài Tay Cao Cấp Vải Lông Thỏ AGN3P VINTINO,4.9
"Áo Polo nam-nữ oversize, cổ khóa, tay lỡ form rộng, hình thêu ""𝐌"" 𝐛𝐞̂̀𝐧 đ𝐞̣𝐩 - Áo polo chất liệt cotton tổ ong cao cấp",4.9
Áo Phông thun Nam Nữ bassic local brand tay lỡ tshirt UNISEX nam nữ Cotton oversize form rộng 20WE,4.8
"Áo thun nam, áo phông nam tay ngắn cổ tròn màu trơn chất thun lạnh co giãn 4 chiều alex cool",4.7
