Ten,Gia,Da_Ban,Sao,Anh
"Áo polo nam nữ ESSEFAUST chất cotton, Thời Trang Unisex",85000,10000,4.86,https://down-vn.img.susercontent.com/file/vn-11134207-7r98o-lrwiwzsbuuftc4
"Áo thun nam, áo phông nam tay ngắn cổ tròn chất cotton dày dặn thoáng mát ATN004 - An Cường Fashion",54999,30000,4.68,https://down-vn.img.susercontent.com/file/vn-11134201-23030-jaaaylg9b8nv00
"Áo sơ mi nam nữ tay ngắn chất kaki cao cấp kiểu dáng form rộng, unisex, dễ phối đồ mặc cực đẹp",124749,20000,4.92,https://down-vn.img.susercontent.com/file/vn-11134207-7r98o-lyrm278oi1ql74
Áo cổ trụ tàu tay dài cotton mềm mịn 20 tháng 05 shop MA522,45000,4000,4.77,https://down-vn.img.susercontent.com/file/vn-11134207-7ra0g-m8oxydfjmpvm8f
"Áo sơ mi dày tay nam nữ chất đũi nhăn, phụ kiện trẻ trung là điểm nhấn, SM 2024, Nice Clothes",138999,3000,4.86,https://down-vn.img.susercontent.com/file/vn-11134207-7r98o-ltqsnhmwnua2d5
"Áo thun nam, áo phông nam tay ngắn cổ tròn chất cotton , dày dặn thoáng mát hình chim - An Cường Fashion",64100,4000,4.78,https://down-vn.img.susercontent.com/file/tw-11134201-23020-76dmfvb2asnv03
áo phông trơn tay dài phom rộng dáng unisex trend 2024,50998,30000,4.73,https://down-vn.img.susercontent.com/file/3dbf35319ea1179661055021845359d5
"Áo sơ mi nam dài tay NPV cổ bẻ,áo sơ mi trắng hàn quốc vải lụa nến không nhăn không xù",75000,10000,4.84,https://down-vn.img.susercontent.com/file/vn-11134207-7r98o-ltypuz4cbj0xde
"Áo Polo nam-nữ oversize, cổ khóa, tay lỡ form rộng, hình thêu ""𝐌"" 𝐛𝐞̂̀𝐧 đ𝐞̣𝐩 - Áo polo chất liệt cotton tổ ong cao cấp",87220,10000,4.91,https://down-vn.img.susercontent.com/file/vn-11134207-7r98o-ls2h8lwyje6x8f
"Áo Thun Dài Tay Nam ECOLLECT LT01 – Cotton Dày 300gsm, Logo 3D Ép Nổi – Phong Cách Hiện Đại, Thoải Mái Mùa Thu Đông",175000,481,4.89,https://down-vn.img.susercontent.com/file/vn-11134207-820l4-mfvaikjvvrij9d
"Áo nam,Áo Sơ mi nam dài tay cổ bẻ có túi ngực vải đũi kiểu dáng Basic",124998,10000,4.77,https://down-vn.img.susercontent.com/file/vn-11134207-7r98o-lwtzn3o0yorf3e
Áo sơ mi nam nữ Unisex tay dài cổ bẻ phối túi ngực.Áo sơ mi khoác ngoài Form rộng phong cách hàn quốc.,89000,5000,4.75,https://down-vn.img.susercontent.com/file/vn-11134207-7r98o-lsqo0a9xgnnoc5
Áo thun Mèo túi unisex MONSTER X STREET Mèo túi phông tay lỡ nam nữ form rộng Local Brand,102312,6000,4.92,https://down-vn.img.susercontent.com/file/vn-11134207-7qukw-lim3b6wyb8csa1
Áo Polo Phối cổ SPION Local Brand polo unisex nam nữ oversize - KNC 192,122500,50000,4.87,https://down-vn.img.susercontent.com/file/vn-11134207-7r98o-lq13ywo38rmaf2
"Áo POLO thêu chữ S+ B phối tương phản , áo Sweater  dài tay nam mùa thu đông đẹp phong cách thời trang Hàn quốc",35000,6000,4.78,https://down-vn.img.susercontent.com/file/vn-11134207-7r98o-llth91t9rc2n24
"Áo thun nam, áo phông nam tay ngắn cổ tròn chất thun lạnh co giãn 4 chiều hình thành phố alex cool",59372,90000,4.61,https://down-vn.img.susercontent.com/file/6aba1d32171c02c7e0c3d59a5f75fbb8
Áo Polo unisex phối logo SUUYY SUNLLNS trước ngực Áo cổ bẻ chất liệu cotton dệt tổ ong thoáng mát,79000,9000,4.85,https://down-vn.img.susercontent.com/file/vn-11134207-7r98o-lrs8uwy69rbte2
"Áo khoác nam nữ chất dạ Hàn cao cấp form rộng dài tay ,hợp mọi thời đại, phong cách Hàn Quốc",204999,5000,4.93,https://down-vn.img.susercontent.com/file/vn-11134201-23020-x7ds73z58mnva1
Áo Thun Local Brand SNAILEY Bản Cao Cấp |The Secret Tee Cotton | Áo Phông Form Unisex,139000,10000,4.93,https://down-vn.img.susercontent.com/file/vn-11134207-7r98o-lvakmb81xswd48
Áo Thun Phông Tay Lỡ Nam Nữ Form To Rộng Unisex Hàng Quảng Châu Chất Cotton Mát Mẻ,74500,10000,4.79,https://down-vn.img.susercontent.com/file/vn-11134207-7ra0g-m70pqlfo25cxa0
"Áo Sweater, áo thu đông dài tay, áo thun dài tay nam nữ chất nỉ cào bông cổ tròn SWEATER02 - Tuấn minh fashion",123900,2000,4.86,https://down-vn.img.susercontent.com/file/sg-11134201-7rep0-m280go4u9xsmc2
Áo Phông thun Nam Nữ bassic local brand tay lỡ tshirt UNISEX nam nữ Cotton oversize form rộng 20WE,35000,6000,4.76,https://down-vn.img.susercontent.com/file/vn-11134207-7ra0g-m9tqj8mz2bru9b
Combo 2 Áo Giữ Nhiệt Nam Co Giãn Cổ 3 Phân Dài Tay Cao Cấp Vải Lông Thỏ AGN3P VINTINO,99000,10000,4.86,https://down-vn.img.susercontent.com/file/vn-11134207-7ras8-m15ukfzy4l8b1a
"Áo Sweater nỉ nam nữ,áo nỉ cổ tròn in hình mặt cười nam nữ mặc cực chất-SWEATER",89000,5000,4.83,https://down-vn.img.susercontent.com/file/vn-11134207-7r98o-llja9emr3y6gf1
"Áo thun nam, áo phông nam tay ngắn cổ tròn màu trơn chất thun lạnh co giãn 4 chiều alex cool",57900,10000,4.68,https://down-vn.img.susercontent.com/file/0858b8f1a751e235f250bfd07fd4b716
"Áo sơ mi tay ngắn nam nữ NPV form rộng sơ mi cổ vest unisex tay lỡ, chất vải lụa mịn chống nhăn",75000,60000,4.85,https://down-vn.img.susercontent.com/file/vn-11134207-7r98o-lu2byzx2cjdrbb
Áo giữ nhiệt Nam FABUMAN CỔ 3 phân chất cotton co giãn 4 chiều màu đen trắng BIGSIZE,57994,887,4.78,https://down-vn.img.susercontent.com/file/vn-11134207-820l4-mgotsmzf2j2gbf
"Áo phông nam, áo thun nam tay ngắn cổ tròn chất thun lạnh co giãn 4 chiều thoáng mát - xưởng may an cường 096",59500,5000,4.8,https://down-vn.img.susercontent.com/file/sg-11134201-7rdvy-lxyam898ld1of9
"Áo thun polo nam nữ PL-401 PTH – Chất poly cao cấp, phối cổ sơ mi & viền V cá tính, form chuẩn, 3 màu đen – xám – trắng",69000,234,4.84,https://down-vn.img.susercontent.com/file/vn-11134207-820l4-mfoyuvqmwemhd5
"Áo thun nam, áo phông nam tay ngắn cổ tròn chất cotton dày dặn thoáng mát ATN010 - An Cường Fashion",59898,20000,4.62,https://down-vn.img.susercontent.com/file/vn-11134201-23030-fffuvw9nm9nv5d
"Áo giữ nhiệt nam cổ 3 phân dày dặn co giãn 4 chiều, Áo thun nam thu đông dài tay thoáng khí, dữ ấm AGN2 HELEMAN",118999,2000,4.92,https://down-vn.img.susercontent.com/file/vn-11134207-7ras8-m20149us2a5aed
Áo sơ mi nam Basic chất vải kaki chéo Hàn phom dáng cực đẹp,92500,40000,4.61,https://down-vn.img.susercontent.com/file/vn-11134207-7qukw-ljdypb0bv4k2e8
"Áo thun nam tay dài Hàn Quốc, áo nỉ nam phông trơn cổ tròn cao cấp thời trang thu đông SW99.6",101087,4000,4.86,https://down-vn.img.susercontent.com/file/vn-11134207-7r98o-lqhb5nkya02ac1
"Áo Sơ mi nam Dài Tay Cao Cấp 98WEAR Chất  Lụa Mềm Mịn , kiểu dáng Hàn Quốc không nhăn, không xù",64998,100000,4.8,https://down-vn.img.susercontent.com/file/vn-11134207-7ras8-mb68i8675a5v41
Áo thun phông nữ nam 3158 unisex from rộng to chất liệu cotton khô KONOVA in hình mèo hộp,73500,10000,4.81,https://down-vn.img.susercontent.com/file/vn-11134207-7ra0g-m70k9pgigbiwbf
"Áo thun nam, áo phông nam tay ngắn cổ tròn chất thun lạnh co giãn 4 chiều hình mèo alex cool",65648,7000,4.68,https://down-vn.img.susercontent.com/file/21106b78d0a82e88c4a273c76555e4a6
"Áo sơ mi ngắn tay form rộng, thời trang hiện đại unisex chất liệu vải lụa mềm chống nhăn",79000,50000,4.87,https://down-vn.img.susercontent.com/file/27f60dfe9928d3ea286178367673db9b
"Áo thun nam, áo phông nam tay ngắn cổ tròn chất cotton dày dặn thoáng mát ATN028 - An Cường Fashion",62899,7000,4.63,https://down-vn.img.susercontent.com/file/vn-11134201-23030-b5v5c9l9mcov01
Áo sơ mi cổ bẻ dài tay sọc ZUTE - Sơ mi nam chất liệu Linen cao cấp,126419,9000,4.83,https://down-vn.img.susercontent.com/file/vn-11134207-7ra0g-m6y14s88v1aw78
Áo Thun Nam Nữ Thêu Hình  APT Unisex Áo Polo From Rộng Tay Lửng  Mùa Hè 2024 Chất Liệu Nhung Tăm Mềm Mịn,109000,5000,4.7,https://down-vn.img.susercontent.com/file/vn-11134207-7r98o-ltmf0s97756yba
Áo Dày Tay Nam Cổ Bẻ PHỐI vải WAFFLE - Áo Thun Nam Thu Đông MAN+,84930,3000,4.89,https://down-vn.img.susercontent.com/file/vn-11134207-7ras8-m21t9l0nth97f4
"Áo Thun Tay Lỡ Nam Nữ Cotton Unisex , Áo Phông Cổ Tròn Hài Hước  Form Rộng Basic Oversize HUNEE Trend 2024 - Buồn Ngủ",33997,10000,4.78,https://down-vn.img.susercontent.com/file/vn-11134207-7r98o-lqaf36odbpdj98
"Áo thun nam, áo phông nam tay ngắn, tay lỡ cổ tròn chất cotton dày dặn thoáng mát  ATN010 - Cường An Fashion",67009,2000,4.66,https://down-vn.img.susercontent.com/file/vn-11134207-7r98o-llq57ut59cyn9d
Áo sơ mi kaki nam cao cấp 5 màu cực đẹp AKK1,89000,2000,4.64,https://down-vn.img.susercontent.com/file/vn-11134207-7r98o-lnwd1ymb3omy57
"Áo thun nam, áo phông nam tay ngắn cổ tròn chất cotton thun lạnh co giãn 4 chiều hình 530 alex cool",62200,5000,4.66,https://down-vn.img.susercontent.com/file/vn-11134207-7qukw-lexz6pvhsn6f0a
Áo thun nam unisex form rộng cao cấp tay lỡ cổ tròn chất cotton dày dặn thoáng mát - An Cường Official 93,64599,7000,4.68,https://down-vn.img.susercontent.com/file/vn-11134201-7ras8-mavb09d1izmf51
Áo Sơ Mi Tay Dài Caro Unisex EMEY LUXURY Cao Cấp Siêu Hot,110000,10000,4.85,https://down-vn.img.susercontent.com/file/vn-11134207-820l4-mh8ngd3wo4co35
"Áo Thun Nam Nữ Form Rộng Cotton Tay Lỡ , Áo Phông  Relach Cổ Tròn Basic Tee Oversize Trend Hè - Cat HUH",38000,3000,4.73,https://down-vn.img.susercontent.com/file/vn-11134207-7r98o-lxdwa82spg4b7f
"Áo sweater, áo thu đông dài tay, áo thun dài tay nam chất nỉ bông cổ tròn - ACF2 SW023",123899,961,4.75,https://down-vn.img.susercontent.com/file/sg-11134201-7rau2-mavemdkkr5n568
"Áo sơ mi tay ngắn nam nữ đều mặc được, áo polo cài khuy chất vải lụa Hàn dáng suông form rộng mát mẻ",139000,1000,4.76,https://down-vn.img.susercontent.com/file/vn-11134207-7r98o-lxz7ntj90v6h29
"Áo thun nam, áo phông nam tay ngắn cổ tròn chất thun lạnh co giãn 4 chiều hình thành phố tuấn minh",44099,20000,4.85,https://down-vn.img.susercontent.com/file/6aba1d32171c02c7e0c3d59a5f75fbb8
"Áo thun nam nữ unisex tay lỡ, áo phông cotton from rộng AD69 Oversize",48000,60000,4.62,https://down-vn.img.susercontent.com/file/vn-11134207-7qukw-lh8mrvdfkfzn1d
Áo Thun Teelab Grey Trame Unisex Form Oversize Local Brand Tshirt TS049,195000,20000,4.92,https://down-vn.img.susercontent.com/file/1ee9946dae7601759a70cca54c889ab5
"Áo thun nam, áo phông nam tay ngắn cổ tròn chất cotton thun lạnh co giãn 4 chiều hình 528 alex cool",55200,20000,4.32,https://down-vn.img.susercontent.com/file/vn-11134207-7qukw-lexyy1r0phfuc7
Áo Thun Local Brand Novita/ INTERESTING,126420,8000,4.86,https://down-vn.img.susercontent.com/file/vn-11134207-7r98o-lvtz1k1ogjbv80
"Áo sơ mi Kẻ Tay chất kaki cao cấp, Áo sơ mi nam nữ cực đẹp Năm 2023 - VIPC",99000,10000,4.52,https://down-vn.img.susercontent.com/file/vn-11134207-7qukw-lfh75nl4iqv8c6
Áo giữ nhiệt nam thun lạnh tay dài ôm body co giãn 4 chiều chất đẹp Lovella hàng Việt Nam chất lượng cao TD41,45000,10000,4.77,https://down-vn.img.susercontent.com/file/vn-11134207-820l4-mg1zf97lfg2178
"Áo thun Insomnia In Chữ nam nữ unisex tay lỡ, áo phông cotton form rộng oversize streetwear",48000,50000,4.67,https://down-vn.img.susercontent.com/file/vn-11134207-820l4-merewrjqytj76c
"Áo phông nam, áo thun nam tay ngắn cổ tròn chất thun thoáng mát  thời trang an cường  051",75000,1000,4.84,https://down-vn.img.susercontent.com/file/sg-11134201-7rdxm-lxy5ax84yu1r35
"Áo phông form rộng - MAIZHECLUB - Áo thun tay lỡ ,chất cotton nam nữ đều mặc được",93100,1000,4.79,https://down-vn.img.susercontent.com/file/vn-11134207-7ra0g-m801f0p67ouff6
